[{"model": "token_blacklist.outstandingtoken", "pk": 1, "fields": {"user": 1, "jti": "fb55db588a5d4f5a81ce0865d752f78d", "token": "eyJhbGciOiJIUzI1NiIsInR5cCI6IkpXVCJ9.eyJ0b2tlbl90eXBlIjoicmVmcmVzaCIsImV4cCI6MTc3MTU3NTQ0MCwiaWF0IjoxNzcxNDg5MDQwLCJqdGkiOiJmYjU1ZGI1ODhhNWQ0ZjVhODFjZTA4NjVkNzUyZjc4ZCIsInVzZXJfaWQiOiIxIn0.Wmzzs754L-GQ99s27nub2yU137_p81GfTdrKBUai8ns", "created_at": "2026-02-19T08:17:20.398Z", "expires_at": "2026-02-20T08:17:20Z"}}, {"model": "token_blacklist.outstandingtoken", "pk": 2, "fields": {"user": 2, "jti": "7744a689a260464e89c4726d932951d5", "token": "eyJhbGciOiJIUzI1NiIsInR5cCI6IkpXVCJ9.eyJ0b2tlbl90eXBlIjoicmVmcmVzaCIsImV4cCI6MTc3MTU3NzY4NCwiaWF0IjoxNzcxNDkxMjg0LCJqdGkiOiI3NzQ0YTY4OWEyNjA0NjRlODljNDcyNmQ5MzI5NTFkNSIsInVzZXJfaWQiOiIyIn0.u-EiHmOQ0y-FAZq6D6ioQdVb3S0zAdhrDn86_ax-_D8", "created_at": "2026-02-19T08:54:44.395Z", "expires_at": "2026-02-20T08:54:44Z"}}, {"model": "token_blacklist.outstandingtoken", "pk": 3, "fields": {"user": 1, "jti": "0b520e92e7ed4c7887ac49ea952868a8", "token": "eyJhbGciOiJIUzI1NiIsInR5cCI6IkpXVCJ9.eyJ0b2tlbl90eXBlIjoicmVmcmVzaCIsImV4cCI6MTc3MTU3ODY2MywiaWF0IjoxNzcxNDkyMjYzLCJqdGkiOiIwYjUyMGU5MmU3ZWQ0Yzc4ODdhYzQ5ZWE5NTI4NjhhOCIsInVzZXJfaWQiOiIxIn0.Poj3sfHqkmIHnW9jMMDE6Bmxwc9v0GWsGuJiiXUFHX4", "created_at": "2026-02-19T09:11:03.597Z", "expires_at": "2026-02-20T09:11:03Z"}}, {"model": "token_blacklist.outstandingtoken", "pk": 4, "fields": {"user": 1, "jti": "888caf19987545b4807e7914d0c69257", "token": "eyJhbGciOiJIUzI1NiIsInR5cCI6IkpXVCJ9.eyJ0b2tlbl90eXBlIjoicmVmcmVzaCIsImV4cCI6MTc3MTU4MTE3NSwiaWF0IjoxNzcxNDk0Nzc1LCJqdGkiOiI4ODhjYWYxOTk4NzU0NWI0ODA3ZTc5MTRkMGM2OTI1NyIsInVzZXJfaWQiOiIxIn0.ySKZhGTem_9kiDRBQoKpg3L770iEcHZ50aScZxzwDW8", "created_at": "2026-02-19T09:52:55.210Z", "expires_at": "2026-02-20T09:52:55Z"}}, {"model": "token_blacklist.outstandingtoken", "pk": 5, "fields": {"user": 1, "jti": "2257af91f27d4b9fba8d908fb42df656", "token": "eyJhbGciOiJIUzI1NiIsInR5cCI6IkpXVCJ9.eyJ0b2tlbl90eXBlIjoicmVmcmVzaCIsImV4cCI6MTc3MTU4MzM5NCwiaWF0IjoxNzcxNDk2OTk0LCJqdGkiOiIyMjU3YWY5MWYyN2Q0YjlmYmE4ZDkwOGZiNDJkZjY1NiIsInVzZXJfaWQiOiIxIn0.qISb50hzGAkjPz1ihBxbEHblc8htTTyyORxrVp1Yc0g", "created_at": "2026-02-19T10:29:54.581Z", "expires_at": "2026-02-20T10:29:54Z"}}, {"model": "token_blacklist.outstandingtoken", "pk": 6, "fields": {"user": 2, "jti": "590bbbac007d42f9bbe7555212f7a315", "token": "eyJhbGciOiJIUzI1NiIsInR5cCI6IkpXVCJ9.eyJ0b2tlbl90eXBlIjoicmVmcmVzaCIsImV4cCI6MTc3MTU4NTU3MywiaWF0IjoxNzcxNDk5MTczLCJqdGkiOiI1OTBiYmJhYzAwN2Q0MmY5YmJlNzU1NTIxMmY3YTMxNSIsInVzZXJfaWQiOiIyIn0.snMYTIjDhewuyB9hIRMurmZ_zkRr2A7yop0Y_edp4fc", "created_at": "2026-02-19T11:06:13.272Z", "expires_at": "2026-02-20T11:06:13Z"}}, {"model": "token_blacklist.outstandingtoken", "pk": 7, "fields": {"user": 2, "jti": "6d7c203fb2dc4e8297758edad8be6829", "token": "eyJhbGciOiJIUzI1NiIsInR5cCI6IkpXVCJ9.eyJ0b2tlbl90eXBlIjoicmVmcmVzaCIsImV4cCI6MTc3MTU4ODIwNCwiaWF0IjoxNzcxNTAxODA0LCJqdGkiOiI2ZDdjMjAzZmIyZGM0ZTgyOTc3NThlZGFkOGJlNjgyOSIsInVzZXJfaWQiOiIyIn0.jN0RjsngGS470xPN0H9z_4jiQL6TrXK_Vf3dvrIf8WU", "created_at": "2026-02-19T11:50:04.674Z", "expires_at": "2026-02-20T11:50:04Z"}}, {"model": "token_blacklist.outstandingtoken", "pk": 8, "fields": {"user": 2, "jti": "0596f8d0949f4f5d9fb8e805df2c43a0", "token": "eyJhbGciOiJIUzI1NiIsInR5cCI6IkpXVCJ9.eyJ0b2tlbl90eXBlIjoicmVmcmVzaCIsImV4cCI6MTc3MTU4ODIwNCwiaWF0IjoxNzcxNTAxODA0LCJqdGkiOiIwNTk2ZjhkMDk0OWY0ZjVkOWZiOGU4MDVkZjJjNDNhMCIsInVzZXJfaWQiOiIyIn0.WibiSdtw0JaQESrMMckp_CQU07i5UeNe_EdeGC6_Wzg", "created_at": "2026-02-19T11:50:04.677Z", "expires_at": "2026-02-20T11:50:04Z"}}, {"model": "token_blacklist.outstandingtoken", "pk": 9, "fields": {"user": 1, "jti": "6ccff51c728b49219886d3d44c9181dc", "token": "eyJhbGciOiJIUzI1NiIsInR5cCI6IkpXVCJ9.eyJ0b2tlbl90eXBlIjoicmVmcmVzaCIsImV4cCI6MTc3MTU5Njk0NiwiaWF0IjoxNzcxNTEwNTQ2LCJqdGkiOiI2Y2NmZjUxYzcyOGI0OTIxOTg4NmQzZDQ0YzkxODFkYyIsInVzZXJfaWQiOiIxIn0.-vjVWBfKJwHZbNNB7uRLcwbe72sPcl_teLqGzMr2GlM", "created_at": "2026-02-19T14:15:46.486Z", "expires_at": "2026-02-20T14:15:46Z"}}, {"model": "token_blacklist.outstandingtoken", "pk": 10, "fields": {"user": 1, "jti": "202b84fac75f498e9f8dbc88f0d6ac49", "token": "eyJhbGciOiJIUzI1NiIsInR5cCI6IkpXVCJ9.eyJ0b2tlbl90eXBlIjoicmVmcmVzaCIsImV4cCI6MTc3MTYxNTU3MiwiaWF0IjoxNzcxNTI5MTcyLCJqdGkiOiIyMDJiODRmYWM3NWY0OThlOWY4ZGJjODhmMGQ2YWM0OSIsInVzZXJfaWQiOiIxIn0.jyX2kiIzSghH4EDKwxGgW6E0xPMnJ8uVRkDBS-0z-hQ", "created_at": "2026-02-19T19:26:12.018Z", "expires_at": "2026-02-20T19:26:12Z"}}, {"model": "token_blacklist.outstandingtoken", "pk": 11, "fields": {"user": 1, "jti": "6ecd472139c64573b335d749259f2ca7", "token": "eyJhbGciOiJIUzI1NiIsInR5cCI6IkpXVCJ9.eyJ0b2tlbl90eXBlIjoicmVmcmVzaCIsImV4cCI6MTc3MTYxNTU3MSwiaWF0IjoxNzcxNTI5MTcxLCJqdGkiOiI2ZWNkNDcyMTM5YzY0NTczYjMzNWQ3NDkyNTlmMmNhNyIsInVzZXJfaWQiOiIxIn0.C7SK9AiauYbJgFBtFAzGJfY6xsldYMnLchAjpAWBJjA", "created_at": "2026-02-19T19:26:11.987Z", "expires_at": "2026-02-20T19:26:11Z"}}, {"model": "token_blacklist.blacklistedtoken", "pk": 1, "fields": {"token": 1, "blacklisted_at": "2026-02-19T09:11:03.683Z"}}, {"model": "token_blacklist.blacklistedtoken", "pk": 2, "fields": {"token": 4, "blacklisted_at": "2026-02-19T10:29:54.709Z"}}, {"model": "token_blacklist.blacklistedtoken", "pk": 3, "fields": {"token": 6, "blacklisted_at": "2026-02-19T11:50:04.806Z"}}, {"model": "token_blacklist.blacklistedtoken", "pk": 5, "fields": {"token": 9, "blacklisted_at": "2026-02-19T19:26:12.878Z"}}, {"model": "accounts.user", "pk": 1, "fields": {"password": "pbkdf2_sha256$1000000$JgQWq3Wws98S3fR9H5OcYv$zl06W0UVnCDA/Wj92bVQl+Jgitxu1cQ/xY8vW81i8m4=", "last_login": "2026-02-20T19:19:09.616Z", "is_superuser": true, "username": "shureimii", "first_name": "", "last_name": "", "is_staff": true, "is_active": true, "date_joined": "2026-02-17T19:58:58.751Z", "email": "shureimii@mail.com", "role": "member", "groups": [], "user_permissions": []}}, {"model": "accounts.user", "pk": 2, "fields": {"password": "pbkdf2_sha256$1000000$6qJsVdYOhYFxvYUvAaOaPP$VzmbTrqHFS/qeuzm8E9I5J/Uzx/wuIRFp4e9ZlwyCgQ=", "last_login": null, "is_superuser": false, "username": "nasra", "first_name": "", "last_name": "", "is_staff": false, "is_active": true, "date_joined": "2026-02-19T08:54:15.389Z", "email": "nasra@mail.com", "role": "member", "groups": [], "user_permissions": []}}, {"model": "catalog.author", "pk": 1, "fields": {"name": "ngungi wathiogo", "bio": "exeptional writer in kenya", "birth_date": "1992-02-10", "created_at": "2026-02-19T08:20:44.397Z", "updated_at": "2026-02-19T08:20:44.397Z"}}, {"model": "catalog.author", "pk": 2, "fields": {"name": "ole supeyo", "bio": "villain in Blossom of Savannah", "birth_date": null, "created_at": "2026-02-19T08:22:08.094Z", "updated_at": "2026-02-19T08:22:08.094Z"}}, {"model": "catalog.author", "pk": 3, "fields": {"name": "F. Scott Fitzgerald", "bio": null, "birth_date": null, "created_at": "2026-02-21T08:29:18.052Z", "updated_at": "2026-02-21T08:29:18.052Z"}}, {"model": "catalog.author", "pk": 4, "fields": {"name": "Harper Lee", "bio": null, "birth_date": null, "created_at": "2026-02-21T08:29:18.104Z", "updated_at": "2026-02-21T08:29:18.104Z"}}, {"model": "catalog.author", "pk": 5, "fields": {"name": "George Orwell", "bio": null, "birth_date": null, "created_at": "2026-02-21T08:29:18.109Z", "updated_at": "2026-02-21T08:29:18.109Z"}}, {"model": "catalog.author", "pk": 6, "fields": {"name": "Jane Austen", "bio": null, "birth_date": null, "created_at": "2026-02-21T08:29:18.115Z", "updated_at": "2026-02-21T08:29:18.115Z"}}, {"model": "catalog.author", "pk": 7, "fields": {"name": "J.R.R. Tolkien", "bio": null, "birth_date": null, "created_at": "2026-02-21T08:29:18.119Z", "updated_at": "2026-02-21T08:29:18.119Z"}}, {"model": "catalog.author", "pk": 8, "fields": {"name": "Herman Melville", "bio": null, "birth_date": null, "created_at": "2026-02-21T08:29:18.124Z", "updated_at": "2026-02-21T08:29:18.124Z"}}, {"model": "catalog.author", "pk": 9, "fields": {"name": "J.D. Salinger", "bio": null, "birth_date": null, "created_at": "2026-02-21T08:29:18.128Z", "updated_at": "2026-02-21T08:29:18.128Z"}}, {"model": "catalog.author", "pk": 10, "fields": {"name": "Paulo Coelho", "bio": null, "birth_date": null, "created_at": "2026-02-21T08:29:18.133Z", "updated_at": "2026-02-21T08:29:18.133Z"}}, {"model": "catalog.author", "pk": 11, "fields": {"name": "J.K. Rowling", "bio": null, "birth_date": null, "created_at": "2026-02-21T08:29:18.138Z", "updated_at": "2026-02-21T08:29:18.138Z"}}, {"model": "catalog.author", "pk": 12, "fields": {"name": "Dan Brown", "bio": null, "birth_date": null, "created_at": "2026-02-21T08:29:18.142Z", "updated_at": "2026-02-21T08:29:18.142Z"}}, {"model": "catalog.author", "pk": 13, "fields": {"name": "Suzanne Collins", "bio": null, "birth_date": null, "created_at": "2026-02-21T08:29:18.147Z", "updated_at": "2026-02-21T08:29:18.147Z"}}, {"model": "catalog.author", "pk": 14, "fields": {"name": "Markus Zusak", "bio": null, "birth_date": null, "created_at": "2026-02-21T08:29:18.152Z", "updated_at": "2026-02-21T08:29:18.152Z"}}, {"model": "catalog.author", "pk": 15, "fields": {"name": "C.S. Lewis", "bio": null, "birth_date": null, "created_at": "2026-02-21T08:29:18.156Z", "updated_at": "2026-02-21T08:29:18.156Z"}}, {"model": "catalog.author", "pk": 16, "fields": {"name": "Stephen King", "bio": null, "birth_date": null, "created_at": "2026-02-21T08:29:18.161Z", "updated_at": "2026-02-21T08:29:18.161Z"}}, {"model": "catalog.author", "pk": 17, "fields": {"name": "John Green", "bio": null, "birth_date": null, "created_at": "2026-02-21T08:29:18.166Z", "updated_at": "2026-02-21T08:29:18.166Z"}}, {"model": "catalog.author", "pk": 18, "fields": {"name": "Aldous Huxley", "bio": null, "birth_date": null, "created_at": "2026-02-21T08:29:18.172Z", "updated_at": "2026-02-21T08:29:18.172Z"}}, {"model": "catalog.author", "pk": 19, "fields": {"name": "Khaled Hosseini", "bio": null, "birth_date": null, "created_at": "2026-02-21T08:29:18.180Z", "updated_at": "2026-02-21T08:29:18.180Z"}}, {"model": "catalog.author", "pk": 20, "fields": {"name": "Stieg Larsson", "bio": null, "birth_date": null, "created_at": "2026-02-21T08:29:18.185Z", "updated_at": "2026-02-21T08:29:18.185Z"}}, {"model": "catalog.author", "pk": 21, "fields": {"name": "Lois Lowry", "bio": null, "birth_date": null, "created_at": "2026-02-21T08:29:18.190Z", "updated_at": "2026-02-21T08:29:18.190Z"}}, {"model": "catalog.category", "pk": 1, "fields": {"name": "Literally Fiction", "description": "Addreses themes of culture traditions and gender issues", "created_at": "2026-02-19T08:31:40.340Z"}}, {"model": "catalog.category", "pk": 2, "fields": {"name": "science fiction", "description": "Explore imaginative concepts based on science and technology", "created_at": "2026-02-19T08:35:04.286Z"}}, {"model": "catalog.book", "pk": 1, "fields": {"title": "Blossoms of savanah", "author": 2, "isbn": "9780723456783", "published_date": "2023-01-02", "total_copies": 10, "copies_available": 8, "description": "This is about 2 girls trapped in a patriacal society but showed resilience and ambition to fight against of negative aspects in society emerging victorious at end", "created_at": "2026-02-19T08:37:22.818Z", "updated_at": "2026-02-19T08:37:22.818Z", "categories": [2]}}, {"model": "catalog.book", "pk": 2, "fields": {"title": "The river between", "author": 1, "isbn": "9780727456785", "published_date": "2023-01-02", "total_copies": 8, "copies_available": 3, "description": "The story tells about the struggle of young leader, Waiyaki , to unite the 2 villages of Kameno and makuyu", "created_at": "2026-02-19T08:41:15.951Z", "updated_at": "2026-02-19T08:41:15.951Z", "categories": []}}, {"model": "catalog.book", "pk": 3, "fields": {"title": "The Great Gatsby", "author": 3, "isbn": "9780141182636", "published_date": "1925-04-10", "total_copies": 5, "copies_available": 3, "description": "A novel set in the Jazz Age exploring wealth and society.", "created_at": "2026-02-21T08:29:18.093Z", "updated_at": "2026-02-21T08:29:18.093Z", "categories": []}}, {"model": "catalog.book", "pk": 4, "fields": {"title": "To Kill a Mockingbird", "author": 4, "isbn": "9780061120084", "published_date": "1960-07-11", "total_copies": 4, "copies_available": 2, "description": "A story of racial injustice in the Deep South.", "created_at": "2026-02-21T08:29:18.107Z", "updated_at": "2026-02-21T08:29:18.107Z", "categories": []}}, {"model": "catalog.book", "pk": 5, "fields": {"title": "1984", "author": 5, "isbn": "9780451524935", "published_date": "1949-06-08", "total_copies": 6, "copies_available": 4, "description": "Dystopian novel about totalitarian regime.", "created_at": "2026-02-21T08:29:18.112Z", "updated_at": "2026-02-21T08:29:18.112Z", "categories": []}}, {"model": "catalog.book", "pk": 6, "fields": {"title": "Pride and Prejudice", "author": 6, "isbn": "9780141439518", "published_date": null, "total_copies": 3, "copies_available": 1, "description": "Romantic novel about manners and marriage.", "created_at": "2026-02-21T08:29:18.117Z", "updated_at": "2026-02-21T08:29:18.117Z", "categories": []}}, {"model": "catalog.book", "pk": 7, "fields": {"title": "The Hobbit", "author": 7, "isbn": "9780547928227", "published_date": "1937-09-21", "total_copies": 7, "copies_available": 5, "description": "Fantasy adventure preceding Lord of the Rings.", "created_at": "2026-02-21T08:29:18.122Z", "updated_at": "2026-02-21T08:29:18.122Z", "categories": []}}, {"model": "catalog.book", "pk": 8, "fields": {"title": "Moby Dick", "author": 8, "isbn": "9780142437247", "published_date": null, "total_copies": 2, "copies_available": 2, "description": "A quest to hunt the white whale.", "created_at": "2026-02-21T08:29:18.125Z", "updated_at": "2026-02-21T08:29:18.125Z", "categories": []}}, {"model": "catalog.book", "pk": 9, "fields": {"title": "The Catcher in the Rye", "author": 9, "isbn": "9780316769488", "published_date": "1951-07-16", "total_copies": 5, "copies_available": 4, "description": "Teenage alienation and rebellion.", "created_at": "2026-02-21T08:29:18.131Z", "updated_at": "2026-02-21T08:29:18.131Z", "categories": []}}, {"model": "catalog.book", "pk": 10, "fields": {"title": "The Alchemist", "author": 10, "isbn": "9780061122415", "published_date": "1988-04-15", "total_copies": 8, "copies_available": 6, "description": "A journey of self-discovery.", "created_at": "2026-02-21T08:29:18.136Z", "updated_at": "2026-02-21T08:29:18.136Z", "categories": []}}, {"model": "catalog.book", "pk": 11, "fields": {"title": "Harry Potter and the Sorcerer's Stone", "author": 11, "isbn": "9780439708180", "published_date": "1997-06-26", "total_copies": 10, "copies_available": 7, "description": "A young wizard begins his journey.", "created_at": "2026-02-21T08:29:18.140Z", "updated_at": "2026-02-21T08:29:18.140Z", "categories": []}}, {"model": "catalog.book", "pk": 12, "fields": {"title": "The Da Vinci Code", "author": 12, "isbn": "9780307474278", "published_date": "2003-03-18", "total_copies": 6, "copies_available": 3, "description": "Mystery thriller involving secret societies.", "created_at": "2026-02-21T08:29:18.145Z", "updated_at": "2026-02-21T08:29:18.145Z", "categories": []}}, {"model": "catalog.book", "pk": 13, "fields": {"title": "The Hunger Games", "author": 13, "isbn": "9780439023528", "published_date": "2008-09-14", "total_copies": 9, "copies_available": 5, "description": "A dystopian survival competition.", "created_at": "2026-02-21T08:29:18.150Z", "updated_at": "2026-02-21T08:29:18.150Z", "categories": []}}, {"model": "catalog.book", "pk": 14, "fields": {"title": "The Book Thief", "author": 14, "isbn": "9780375842207", "published_date": "2005-03-14", "total_copies": 4, "copies_available": 2, "description": "A story narrated by Death during WWII.", "created_at": "2026-02-21T08:29:18.154Z", "updated_at": "2026-02-21T08:29:18.154Z", "categories": []}}, {"model": "catalog.book", "pk": 15, "fields": {"title": "The Chronicles of Narnia", "author": 15, "isbn": "9780066238500", "published_date": "1950-10-16", "total_copies": 5, "copies_available": 3, "description": "Fantasy adventures in Narnia.", "created_at": "2026-02-21T08:29:18.159Z", "updated_at": "2026-02-21T08:29:18.159Z", "categories": []}}, {"model": "catalog.book", "pk": 16, "fields": {"title": "The Shining", "author": 16, "isbn": "9780307743657", "published_date": "1977-01-28", "total_copies": 3, "copies_available": 1, "description": "Psychological horror in an isolated hotel.", "created_at": "2026-02-21T08:29:18.163Z", "updated_at": "2026-02-21T08:29:18.163Z", "categories": []}}, {"model": "catalog.book", "pk": 17, "fields": {"title": "The Fault in Our Stars", "author": 17, "isbn": "9780142424179", "published_date": "2012-01-10", "total_copies": 6, "copies_available": 4, "description": "A love story between two teenagers with cancer.", "created_at": "2026-02-21T08:29:18.169Z", "updated_at": "2026-02-21T08:29:18.169Z", "categories": []}}, {"model": "catalog.book", "pk": 18, "fields": {"title": "Brave New World", "author": 18, "isbn": "9780060850524", "published_date": "1932-08-30", "total_copies": 4, "copies_available": 3, "description": "A futuristic dystopian society.", "created_at": "2026-02-21T08:29:18.174Z", "updated_at": "2026-02-21T08:29:18.174Z", "categories": []}}, {"model": "catalog.book", "pk": 19, "fields": {"title": "The Lord of the Rings", "author": 7, "isbn": "9780618640157", "published_date": "1954-07-29", "total_copies": 8, "copies_available": 6, "description": "Epic fantasy trilogy.", "created_at": "2026-02-21T08:29:18.178Z", "updated_at": "2026-02-21T08:29:18.178Z", "categories": []}}, {"model": "catalog.book", "pk": 20, "fields": {"title": "The Kite Runner", "author": 19, "isbn": "9781594631931", "published_date": "2003-05-29", "total_copies": 5, "copies_available": 2, "description": "Friendship and redemption in Afghanistan.", "created_at": "2026-02-21T08:29:18.183Z", "updated_at": "2026-02-21T08:29:18.183Z", "categories": []}}, {"model": "catalog.book", "pk": 21, "fields": {"title": "The Girl with the Dragon Tattoo", "author": 20, "isbn": "9780307454546", "published_date": "2005-08-27", "total_copies": 4, "copies_available": 2, "description": "A mystery thriller investigation.", "created_at": "2026-02-21T08:29:18.187Z", "updated_at": "2026-02-21T08:29:18.187Z", "categories": []}}, {"model": "catalog.book", "pk": 22, "fields": {"title": "The Giver", "author": 21, "isbn": "9780544336261", "published_date": "1993-04-26", "total_copies": 3, "copies_available": 3, "description": "A controlled utopian society.", "created_at": "2026-02-21T08:29:18.192Z", "updated_at": "2026-02-21T08:29:18.192Z", "categories": []}}, {"model": "borrowing.borrowrecord", "pk": 1, "fields": {"user": 1, "book": 1, "borrowed_date": "2026-02-19T10:38:21.912Z", "due_date": "2026-03-05T10:38:21.912Z", "returned_date": null, "is_returned": false}}, {"model": "borrowing.borrowrecord", "pk": 2, "fields": {"user": 1, "book": 2, "borrowed_date": "2026-02-19T10:39:31.358Z", "due_date": "2026-03-05T10:39:31.358Z", "returned_date": "2026-02-19T10:40:10.590Z", "is_returned": true}}, {"model": "borrowing.borrowrecord", "pk": 3, "fields": {"user": 1, "book": 2, "borrowed_date": "2026-02-19T10:43:58.164Z", "due_date": "2026-03-05T10:43:58.164Z", "returned_date": null, "is_returned": false}}, {"model": "borrowing.borrowrecord", "pk": 4, "fields": {"user": 2, "book": 1, "borrowed_date": "2026-02-19T11:06:32.989Z", "due_date": "2026-03-05T11:06:32.981Z", "returned_date": "2026-02-19T11:19:33.627Z", "is_returned": true}}, {"model": "borrowing.borrowrecord", "pk": 5, "fields": {"user": 2, "book": 1, "borrowed_date": "2026-02-19T11:52:32.437Z", "due_date": "2026-03-05T11:52:32.437Z", "returned_date": null, "is_returned": false}}, {"model": "borrowing.borrowrecord", "pk": 6, "fields": {"user": 2, "book": 2, "borrowed_date": "2026-02-19T11:59:52.316Z", "due_date": "2026-03-05T11:59:52.316Z", "returned_date": null, "is_returned": false}}]